Project name,Slug,Collection ID,Locale ID,Item ID,Archived,Draft,Created On,Updated On,Published On,Order,Grid title,Grid description,Grid Image,Overview,My role,The team,Year / Duration,Button text,Button link,Full bleed image,Background,My Process,Image Block (1 column),Learnings,Next project,Hide,Work category,Image block 1 (2 column),Image Block 1.1 (2 column),Image block 2 (2 column)
Mystery Onboarding,mystery-onboarding,64481e19a9f25959899cf844,653ada6ae882f528b3689cd1,64481e19a9f2591e949cf8a7,false,false,Fri Jan 20 2023 17:57:37 GMT+0000 (Coordinated Universal Time),Tue Feb 21 2023 06:50:19 GMT+0000 (Coordinated Universal Time),Tue Apr 25 2023 19:57:31 GMT+0000 (Coordinated Universal Time),5,Mystery Onboarding,Data-driven new user flow,images/work/mystery-onboarding__grid__Grid-Image---Mystery-Onboarding.png,"<p id="""">Using a data-driven approach, I redesigned Mystery's native app onboarding and increased adoption by 10%. </p>",Lead Product Designer,"1 x PM
2 x engineers",2020 / 1 month,Visit Mystery,https://www.trymystery.com/virtual-events,images/work/mystery-onboarding__full__Full-bleed-Image---Mystery-Onboarding.png,"<p id=""""><a id="""" href=""https://www.trymystery.com/virtual-events"" target=""_blank"">Mystery</a> is a Series A-funded entertainment startup that sends users on personalized adventures in their city.&nbsp;The best part? Customers don't know where they're going until they get there. </p>[[MEDIA:video|Mystery promo|https://vimeo.com/391423749]]<h4 id="""">A Managed Marketplace</h4><p id="""">Mystery has normal supply-side dynamics, yet the demand-side is managed and hidden to the end user.</p><h6 id=""""><strong id="""">Note:</strong>&nbsp;During the pandemic, Mystery pivoted to virtual events.</h6><h3 id="""">So, how does it work?</h3><ol id="""" start=""""><li id="""">A user signs up and enters preferences</li><li id="""">Users book a Mystery for a time and date</li><li id="""">When the time comes, Mystery automatically calls a ride using Lyft Concierge</li><li id="""">Users get in without knowing where they were going</li><li id="""">Mystery matches the user to a pre-selected supply (e.g. events, restaurants)</li><li id="""">Users show up with other Mystery-goers who have similar preferences, for a discounted rate</li></ol>[[MEDIA:image|Lyft Concierge ride-flow screenshot]]<h3 id="""">Value Props</h3><p id="""">Mystery-goers are typically couples who wanted to try something new in their city. <strong id="""">Discovery</strong> was a big value prop. Others included <strong id="""">novelty</strong> and <strong id="""">adventure</strong>, by pushing themselves out of their comfort zone. Lastly, <strong id="""">ease of scheduling</strong> date nights was another value proposition for couples with busy work lives and/or balancing kids. </p><h3 id="""">The Problem</h3><blockquote id="""">We saw a 16% dropoff during the account creation &amp; preferences onboarding flow.</blockquote><p id="""">Like most early-stage startups, Mystery's native app onboarding flow had been built hastily at the outset of the company. The new user flow needed to be rethought to...</p><ul id=""""><li id="""">Reduce friction to increase signups</li><li id="""">Clearly communicate our value props &amp; updated branding</li></ul>[[MEDIA:figma|Onboarding flow (Figma)]]","<h3 id="""">Diving into the data</h3><p id="""">I compared the # of unique native app downloads to the # of unique accounts created. I found that, of the 16% that churned before completing onboarding, 12% fell off before entering their phone number. </p><blockquote id="""">12% of all new users bailed during the first 5 screens of their onboarding</blockquote><h3 id="""">UX Audit</h3><p id="""">Then, I analyzed what was going on in these screens. It was quite apparent that the user was dumped into a flow that felt like a shakedown. </p>[[MEDIA:image|Account-creation UX audit screens]]<p id="""">To further connect-the-dots, we had heard feedback about the tone of the app. One user said, ""For promising to be such a fun experience, this app is too straightforward. It has no personality.""</p><h3 id="""">Ideation</h3><p id="""">While analyzing the flow, I thought to apply a few onboarding principles:</p><ul id=""""><li id="""">Use welcome screens to reiterate value props</li><li id="""">Ask only the bare minimum of the user at the outset</li></ul>[[MEDIA:image|Suggested account-creation flow]]<p id="""">The team agreed and decided to initially create a 'shell profile' with just the phone number. If the user were to skip at any other time in the flow, we'd take them to capture their name, birthdate, and email. If they skipped those, at least we had their number and could try to re-engage with SMS reactivation. </p><p id="""">Also, we ended up moving the steps where the users can enrich their profile to the very end. That way the user was already invested in adding their preferences -- which was always the most fun part for users. </p>[[MEDIA:image|Profile enrichment moved to end-of-flow]]<h2 id="""">Final</h2><p id="""">We moved super quick. The team made these changes in less than a week. No time for user testing unfortunately -- such is startup life, amirite? </p><p id="""">Immediately we saw results. Over the course of the next month, we saw adoption increase by 10%. </p>[[MEDIA:figma|Final onboarding prototype (Figma)]]<h2 id="""">Outcome</h2><blockquote id="""">Signups increased by 10% over the next month and profile completeness went up by 15%. 🎉</blockquote>",,"<h3 id="""">Data informs Design</h3><p id="""">Data can tell you what is happening and where it's happening. Qualitative analysis can tell you why. The funnel analysis was the perfect way to point me in the right direction. </p><h3 id="""">Every user onboards</h3><p id="""">This product work wasn't on our team's radar until we rebranded. It should have been an active convo and measured more often, earlier. </p><p id="""">It seems that we tend to forget about the onboarding experience. Yet, it's the ONLY feature that 100% of your users will experience!</p><h3 id="""">Young brands need great onboarding</h3><p id="""">When there isn't much brand awareness of your product, onboarding matters even more. The app must reinforce the value it provides, since users won't know.</p>",mercury-focused-funding,false,growth,,,
Egencia Onboarding,egencia-onboarding,64481e19a9f25959899cf844,653ada6ae882f528b3689cd1,64481e19a9f259206d9cf8a6,false,false,Sun Jan 22 2023 08:15:08 GMT+0000 (Coordinated Universal Time),Wed Jan 25 2023 08:50:54 GMT+0000 (Coordinated Universal Time),Tue Apr 25 2023 19:57:31 GMT+0000 (Coordinated Universal Time),3,Egencia Onboarding,Saving millions with personalized profiles,images/work/egencia-onboarding__grid__Grid-Image---Egencia-Self-Service.png,"<p id=""""><a id="""" href=""https://www.egencia.com/"" target=""_blank"">Egencia</a>, the B2B travel subsidiary of Expedia, helps 8 million global business travelers book and manage their trips all over the world. Competitors include Booking.com, Airbnb, Concur, and TripActions.</p><p id="""">By executing a multi-pronged self-service strategy, our team 💰 Saved the company $10M annually (7% of operating costs). </p>",Sr. Product Designer,"1 x Sr. Product Manager
1 x Researcher
1 x Data Analyst
6 x Engineers",2018 / 3 months,View Full Case Study,https://docs.google.com/presentation/d/1qc4x5NjwdO2p6-bvE9UTLagSn0_mmBJnqSmIp8RdMUU/edit?usp=sharing,images/work/egencia-onboarding__full__Full-bleed-Image---Egencia-Self-Service.png,"<p id="""">Companies can improve their bottom line by doing 1 of 2 things -- increasing revenue OR reducing costs. I was on a cost-reduction team during my time at Egencia.</p><p id="""">In 2018, the executive team asked our team to reduce our highest operating expense in the company -- $150M/year spent on servicing customer support calls. </p><p id="""">Reports indicated that <strong id="""">nearly half</strong> of all travelers called Egencia travel agents at some point on their journey. </p><p id="""">Each call cost the company $17. At Egencia's scale, even a 1% contact reduction would lead to $1.5M in savings. </p>[[MEDIA:image|Call volume by country]]<h3 id="""">The Users</h3><ul id=""""><li id=""""><strong id="""">The Executive</strong> (1-2 trips/month, booked by Executive Assistant)</li><li id=""""><strong id="""">The Road Warrior</strong> (weekly travel, often to same locations repeatedly)</li><li id=""""><strong id="""">The Annual Offsite Traveler</strong> (1-3 trips/year)</li><li id=""""><strong id="""">The Executive Assistant</strong> (booking on behalf of 1-3 company executives)</li><li id=""""><strong id="""">The Bulk Arranger</strong> (booking for big company events -- trainings, offsites)</li></ul>[[MEDIA:image|Egencia traveler personas]]<h3 id="""">The Strategy</h3><p id="""">To develop our strategy, we analyzed our goal through 4 lenses:</p><ol id="""" start=""""><li id=""""><strong id="""">What do our customers expect?</strong></li><li id=""""><strong id="""">What are our competitors doing?</strong></li><li id=""""><strong id="""">What are our team capabilities with current resourcing?</strong></li><li id=""""><strong id="""">What does the company want/expect?</strong></li></ol>[[MEDIA:image|Strategy considerations (4 lenses)]]<h3 id="""">The Bets</h3><p id="""">After analyzing the problem from these lenses, we narrowed our efforts to 3 team charters, which were comprised of 5 feature bets, as well as committing to test across the product.</p><ol id="""" start=""""><li id=""""><strong id="""">Educate Users</strong> -- Our team's core charter</li><li id=""""><strong id="""">Create an effortless journey</strong> -- Think horizontal, across product verticals</li><li id=""""><strong id="""">Influence vertical product teams</strong> -- Evangelize friction-reduction</li></ol>[[MEDIA:image|Team charters + feature bets]][[MEDIA:image|Value × Effort prioritization]]","<h3 id="""">Help Center</h3><p id="""">To begin my discovery process, I audited products for inspiration, and even user-tested against our competitors. </p><p id="""">The help center was needing some product love -- this was a known issue. Content was relevant, having been refreshed by the marketing and customer support teams, yet the help center itself was merely a list of articles shown on its own app. </p><p id="""">We wanted to redesign the help center to make the content more dynamic and timely, and I had a strong sense that making it contextual would be the ideal experience.</p><h2 id="""">Hypothesis</h2><blockquote id="""">By creating a contextual help center that surfaces relevant help articles before showing contact options, we can help users to more easily self-serve without leaving their current flow, thereby decreasing call propensity and contributing to higher net revenue.</blockquote><h2 id="""">Solutions</h2><p id="""">To begin, I blockframed as many ideas as I could to get all the concepts out of my head. After a week of iteration filled with internal feedback from cross-functional stakeholders and gathering constraints from engineers, I dove into testing 3 concepts via Usertesting.com. </p><h3 id="""">Option 1: Channel Guidance</h3><h3 id="""">Option 2: Channel guidance + Rich trip info</h3><h3 id="""">Option 3: Simple and Straightforward</h3>[[MEDIA:image|Help-center variants A/B/C]]<p id="""">Outside of Option 2, the unmoderated user testing results were positive for 1 &amp; 3.</p><h2 id="""">Results</h2><p id="""">For v1, the PM and I decided to launch with Option 3 to cut down on the engineering cost and get something out to market quickly. </p><p id="""">The test ran to statistical significance quickly. It had FAILED miserably -- calls went up by 5.9%. 🧐 </p><h2>Testing</h2><p id="""">When launching the v1 design, I had suspected that the Contact Us fallback button at the bottom of the page might be too discoverable. So, we decided to run a multivariant test:</p><ul id=""""><li id=""""><strong id="""">Variant A</strong> = Legacy flow</li><li id=""""><strong id="""">Variant B</strong> = V1 + reduced button prominence</li><li id=""""><strong id="""">Variant C</strong> = V1 + reduced button prominence + button shown after search</li></ul><p id="""">Variant C drove calls down by 2.8%, and came out a clear winner in this multivariant test. We rolled it out globally. </p>[[MEDIA:image|Multivariant test results]]",,"<h3 id="""">Aggressive testing is key to rapid learning</h3><p id="""">As a public company, executive leaders were very conservative with our testing strategy. New motto: Ship frequently, measure a lot, and learn quickly.</p><h3 id="""">Keep it ethical AND practical</h3><p id="""">In the end, I'm glad we ran the multi-variant. We ended up doing no harm to customer sentiment, and found that more customers were finding and reading the suggested help articles. Sometimes, what may feel unethical is actually just what the user AND business needs. </p>",mystery-onboarding,true,,,,
H1 Browser Extension,h1-browser-extension,64481e19a9f25959899cf844,653ada6ae882f528b3689cd1,64481e19a9f25926dc9cf8a8,false,false,Thu Jan 19 2023 22:24:18 GMT+0000 (Coordinated Universal Time),Wed Jan 25 2023 10:31:30 GMT+0000 (Coordinated Universal Time),Tue Apr 25 2023 19:57:31 GMT+0000 (Coordinated Universal Time),8,H1 Extension,"Validated, launched, iterated",images/work/h1-browser-extension__grid__Grid-Image---H1-Extension.png,"<p id="""">I led the design for H1's exploratory browser extension and Explorer web app products. I implemented top-of-funnel analysis, and the fake door test to shortcut the development cycle and increase our learning velocity. </p>","Lead product designer
PM (interim)","1 x Head of Strategy
2 x Engineers",2021 / 3 months,View Chrome Extension,https://chrome.google.com/webstore/detail/h1-explorer/oaofnobkbhhalhdbphbfdmpiibodcpjd,images/work/h1-browser-extension__full__Full-bleed-Image---H1-Extension.png,"<p id="""">H1 was hyper-scaling after the Series B fundraise, and the Board wanted to invest in creating adjacent products. Consequently, H1's strategy team identified adjacent markets to compete in with new products. Foremost, was to compete with Doximity, the 'LinkedIn for doctors.'</p><p id="""">Specifically, the team thought to create a public-facing ""Doctor Network"" -- like Yelp and Zillow where public information is claimed and enriched by verified owners. This user-generated data was a big bet intended to create a data moat against our competitors.</p><h3 id="""">Getting started</h3><p id="""">As lead designer, I was excited to help spin up prototypes and validate this new product in the market -- a true zero-to-one experience. </p><p id=""""><strong id="""">Team goals</strong> were as follows:</p><ol id="""" start=""""><li id=""""><strong id="""">Discover</strong> - Perform 20+ customer discovery interviews</li><li id=""""><strong id="""">Build</strong> - Rapidly design prototype and marketing landing page</li><li id=""""><strong id="""">Launch</strong> - Launch and promote via organic/inorganic channels</li><li id=""""><strong id="""">Test</strong> - Test iterative improvements/ideas to see what increases conversion</li></ol>","<p id="""">Through our initial discovery interviews, we narrowed our target user to medical school students who were nearing the end of their schooling. We learned that these students knew they needed to start to own their digital presence, yet hadn't invested into this yet because it seemed daunting.</p>[[MEDIA:image|Customer discovery interview (Dartmouth)]]<p id="""">We hypothesized that we could launch a lightweight product that fit right into these student's workflows. It would easily surface all public data (that H1 had gathered) in an easy-to-claim flow, give them a huge head start on owning their digital presence, and loading their profile with all their public data (e.g. publications, clinical trials).</p><p id="""">Based on a value x effort analysis, we decided on building a free, public <strong id="""">browser extension</strong> that would automatically display valuable contextual network info on research sites (e.g. PubMed, medical journals). In our early concept testing, this resonated with target users.</p><h2 id="""">MVP Design &amp; Build</h2><p id="""">Admittedly, I was designing just-in-time for this project. It was fast and furious, and with little time to usability test. We built a simple MVP in a matter of 2 sprints, and I employed the ""Fake Door Test"" to get signal on interest via email signups. Lastly, we spun up a landing page and drove traffic via paid ads. We utilized the ~50 email signups to help source further customer discovery interviews. </p>[[MEDIA:image|Fake Door landing page test]][[MEDIA:figma|H1 Explorer (Figma)]]<h2 id="""">Launch &amp; Test</h2><p id="""">After launching the MVP, we saw a few hundred users start to use the product. However, we knew that we needed to refine our acquisition funnel because it was a very leaky bucket. So, we went to work with rapid iterative tests. </p><h2 id="""">1) Top of Funnel Adoption</h2><p id=""""><strong id="""">Goal</strong>: Educate user, &amp; shorten time to understanding value prop</p><p id=""""><strong id="""">Hypothesis</strong>: By automatically opening a focused tab with instructions/FAQs, we will increase user's understanding of the extension's value, and thereby increase adoption and claimed profiles</p><p id=""""><strong id="""">Outcome:</strong> 🎉 Success! Of the cohort who clicked ""Test it out"", we saw a 15% lift in usage over the next month.</p>[[MEDIA:figma|Top-of-funnel onboarding tab (Figma)]]<h2 id="""">2) Increasing Conversion</h2><p id=""""><strong id="""">Goal:</strong> To increase sign-ups and claimed profiles, we employed the classic rate-limit / paywall method. </p><p id=""""><strong id="""">Hypothesis:</strong> By rate limiting users to view 10 articles only, we will increase user sign-up conversion. </p>[[MEDIA:image|Rate-limit / paywall design]]<p id=""""><strong id="""">Outcome:</strong> 🎉 Big success! We saw a huge spike in signups (~34%) in the following month. </p><h2 id="""">3) Aligning Value Props</h2><p id=""""><strong id="""">Goal:</strong> To align users expectations, we set a goal to refine our value proposition on our marketing landing page. </p>[[MEDIA:figma|Landing-page hero variants (Figma)]]<p id=""""><strong id="""">Outcome</strong>: 🤷 We didn't see a noticeable change in signups on these changes. We ended up not indexing on any of these options.</p>",,"<h3 id="""">Speed matters</h3><ul id=""""><li id="""">With zero-to-one products, let quality go for the sake of speed. </li><li id="""">Pixel-perfection matters less. Don't get hung up on details. </li><li id="""">Speed forces humility. I grew to enjoy killing ideas fast.</li></ul><h3 id="""">Navigate ambiguity</h3><ul id=""""><li id="""">When designing a new product, nothing is set in stone.</li><li id="""">Push forward on decisions. Note assumptions and revisit later.</li></ul><h3 id="""">Instrument &amp; Isolate</h3><ul id=""""><li id="""">Testing too many variables messes up metrics. </li><li id="""">Instrument ASAP. Without it, you are direction-less.</li></ul>",h1-doctor-profile,false,zero-to-one; growth,,,
H1 Doctor Profile,h1-doctor-profile,64481e19a9f25959899cf844,653ada6ae882f528b3689cd1,64481e19a9f2597d579cf8a9,false,false,Wed Jul 14 2021 13:39:53 GMT+0000 (Coordinated Universal Time),Wed Jan 25 2023 10:31:49 GMT+0000 (Coordinated Universal Time),Tue Apr 25 2023 19:57:31 GMT+0000 (Coordinated Universal Time),7,H1 Profile,Redesigning to improve CSAT,images/work/h1-doctor-profile__grid__Grid-Image---H1-Extension.png,"<p id="""">My team set out to improve H1's low customer satisfaction (CSAT) score by redesigning H1's most heavily trafficked pages in our B2B enterprise SaaS platform. </p><p id="""">After 4 months, we rolled out a fresh, responsive profile layout that better showcased data, insights, and capabilities of the platform. This change resulted in a 21% increase in CSAT and played a part in retaining key clients. </p>",Head of Design (player coach role),"1 x Director of Product
6 x Engineers",2021 / 4 months,View Full Case Study,https://docs.google.com/presentation/d/12zWM1ieaODP7ae6NgrNxT7WEuiTUuXkL9Y5UT2aXwPk/edit?usp=sharing,images/work/h1-doctor-profile__full__Full-bleed-Image---H1-Extension.png,"<h3 id=""""><strong id="""">What is H1?</strong></h3><p id="""">H1 is a Series C B2B SaaS healthcare startup that easily connects pharmaceutical companies with doctors to advance scientific research (e.g. sponsor clinical trials, speak at conferences). </p><p id="""">With over 10 million doctor profiles around the world, H1's core product serves the top Pharma companies around the world.</p>[[MEDIA:image|H1 platform overview]]<h3 id="""">The User</h3><p id="""">Medical Science Liaisons (MSLs) are employed by major pharma companies to develop warm relationships with influential medical thought leaders. </p><p id="""">MSL's use H1 to answer questions like:</p><ul id=""""><li id="""">""Which doctors should I engage with to run my clinical trial?""</li><li id="""">""How do I find up-and-coming doctors who are my treatment area?""</li><li id="""">""How can I find doctors who treat ethnically-diverse patients?""</li></ul>[[MEDIA:image|MSL value-prop diagram]]<h3 id=""""><strong id="""">The Problem</strong></h3><p id=""""><strong id="""">CSAT was bad</strong>...like really bad (36%). The page layout was cobbled together from MVP designs and subsequent feature releases bolted-on. After a UX audit, I identified the following issues:</p><ul id=""""><li id=""""><strong id="""">Extensible</strong> design patterns were lacking, and information architecture needed rethinking to better showcase key data.</li><li id=""""><strong id="""">Design debt</strong> from rapid building in early startup days - lacking cohesion and visual consistency.</li><li id=""""><strong id="""">Mobile responsive</strong> was needed to be refined as users were starting to go 'back to the field' after Covid shutdown.</li></ul>[[MEDIA:image|Legacy profile UX audit issues]]","<p id="""">After interviewing 6 users, we discovered that users expected to: </p><ul id=""""><li id=""""><strong id="""">Quickly answer the question, ""What type of doctor is this?""</strong> -- view summary level facts, keywords, and KPIs</li><li id=""""><strong id="""">See latest and upcoming activities</strong>, so that they could plan to engage with them accordingly.</li><li id=""""><strong id="""">View trends about a doctor's focus over time</strong> to see if they're worth engaging with based on their recent research focus.</li></ul>[[MEDIA:image|Customer discovery interview]]<h3 id="""">Conducted Audit</h3><p id="""">Analyzed layout against competitors and comparable products. Furthermore, I compared information architecture and navigation best practices. As compared to H1's profiles, comparable product profile pages...</p><ul id=""""><li id="""">Use <strong id="""">top and left navs</strong></li><li id="""">Give prominence to a <strong id="""">single call-to-action</strong> (e.g. Follow, Tag, etc.)</li><li id="""">Use <strong id="""">sticky elements upon scroll</strong> (e.g. CTA, nav)</li></ul>[[MEDIA:image|Competitor audit (LinkedIn, Pitchbook, etc.)]]<h3 id="""">Design Studio</h3><p id="""">I then organized and led a design studio workshop where we performed a card sorting exercise in Miro. </p>[[MEDIA:image|Card-sorting design studio (Miro)]]<h2 id="""">Design Solution</h2><p id="""">Mocking with blockframes, I got quick signal from feedback on general layouts and information architecture.</p>[[MEDIA:image|Blockframe concepts]]<p id="""">I then moved to higher fidelity, to start see it come to life. Each module in this layout could be its own case study, three of which I've outlined in the full case study presentation.</p>[[MEDIA:image|High-fidelity profile layout]][[MEDIA:image|Lefthand column in focus]][[MEDIA:image|Lefthand column iterations]][[MEDIA:image|Sticky header options]][[MEDIA:image|Final profile design]]<h2 id="""">Outcome</h2><ul id=""""><li id=""""><strong id="""">🎉 CSAT improved by 21%</strong></li><li id=""""><strong id="""">78% Extremely Satisfied</strong> (up from 23%) when answering ""How would you rate your experience on this page?""</li><li id=""""><strong id="""">Set vision for x-functional design</strong> team to leverage consistent patterns including foundational Storybook design system componentry.</li></ul>",,"<h3 id=""""><strong id="""">Strong opinions loosely held</strong></h3><ul id=""""><li id="""">Designing amidst changing strategic priorities focus &amp; flexibility</li><li id="""">The company pivoted its longterm strategy in the middle of this project, so the vision had to pivot to match a more extensible solution</li></ul><h3 id=""""><strong id="""">Know thyself</strong></h3><ul id=""""><li id="""">Realize when you're proposing scope creep, and work to reign it in</li><li id="""">We should have broken this up into smaller pieces. Took 1 month longer than originally planned due to bloated scope</li></ul>",mystery-onboarding,true,,,,
Expedia Self-Service,expedia-self-service,64481e19a9f25959899cf844,653ada6ae882f528b3689cd1,64481e19a9f259c4399cf8aa,false,false,Sat Jan 21 2023 19:59:40 GMT+0000 (Coordinated Universal Time),Wed Jan 25 2023 18:54:44 GMT+0000 (Coordinated Universal Time),Tue Apr 25 2023 19:57:31 GMT+0000 (Coordinated Universal Time),1,Expedia Self-Service,Increasing net revenue by rethinking help,images/work/egencia-self-service__grid__Grid-Image---Egencia-Self-Service.png,"<p id=""""><a id="""" href=""https://www.egencia.com/"" target=""_blank"">Egencia</a>, the B2B travel subsidiary of Expedia, helps 8 million global business travelers book and manage their trips all over the world. Competitors include Booking.com, Airbnb, Concur, and TripActions.</p><p id="""">By executing a multi-pronged self-service strategy, our team 💰 Saved the company $10M annually (7% of operating costs). </p>",Sr. Product Designer,"1 x Sr. Product Manager
1 x Researcher
1 x Data Analyst
6 x Engineers",2018 / 1 year (too slow!),View Full Case Study,https://docs.google.com/presentation/d/13LJpph-LDSpwwAuEQXi7xsS3G680dT3YKdRyZEW-XfQ/edit?usp=sharing,images/work/egencia-self-service__full__Full-bleed-Image---Egencia-Self-Service.png,"<p id="""">In 2018, I was leading design on a cost-reduction team at Egencia. We testing across the product experience to educate, inform, and channel guide when a user needed help. </p><blockquote id="""">Our metrics ran in parallel to growth, which makes sense, because businesses increase the bottom line by 1) increasing revenue, or 2) decreasing expenses.</blockquote><p id="""">Executives challenged our team to reduce service calls, the highest operating expense in the company ($150M/year). </p>[[MEDIA:image|Call propensity (~50% call rate)]]<blockquote id=""""><strong id="""">Nearly half</strong> of all travelers called Egencia at some point on their journey.</blockquote><h3 id="""">The Users</h3><p id="""">Personas were largely determined by job function and associated frequency of traveling. At a high level, these were categorized as the following: </p><ul id=""""><li id=""""><strong id="""">The Executive</strong>: 1-2 trips/month, booked by EA</li><li id=""""><strong id="""">The Road Warrior</strong>: weekly to repeat locations</li><li id=""""><strong id="""">The Annual Offsite Traveler</strong>: 1-3 trips/yr</li><li id=""""><strong id="""">The Executive Assistant</strong>: booking for 1-3 execs</li><li id=""""><strong id="""">The Bulk Arranger:</strong> booking company events (e.g. offsites)</li></ul>[[MEDIA:image|Egencia traveler personas]]<h3 id="""">The Strategy</h3><p id="""">To develop our strategy, we analyzed our goal through 4 lenses:</p><p id=""""><strong id="""">What do our customers expect?</strong></p><p id=""""><strong id="""">What are our competitors doing?</strong></p><p id=""""><strong id="""">What are our team capabilities with current resourcing?</strong></p><p id=""""><strong id="""">What does the company want/expect?</strong></p><h3 id="""">Objectives &amp; Bets</h3><p id="""">We narrowed our efforts to three team objectives</p><ol id="""" start=""""><li id=""""><strong id="""">Educate Users</strong></li><li id=""""><strong id="""">Create an effortless journey</strong></li><li id=""""><strong id="""">Influence vertical product teams</strong></li></ol>[[MEDIA:image|Six bets prioritized]]","<p id="""">I audited products for inspiration, and tested competitor products. </p>[[MEDIA:image|Competitor audit (Expedia, Airbnb, Dropbox, Wealthfront)]][[MEDIA:image|Airbnb contextual help inspiration]]<p id="""">It was a known issue that the help center was needing some product love. The content was relevant, having been refreshed by the marketing and customer support teams, yet the help center itself was merely a list of articles shown on a static page. </p><p id="""">I wanted to redesign the help center to make the content more dynamic and timely, and I had a sense that making it contextual would be the ideal experience.</p><h3 id="""">Hypothesis</h3><blockquote id="""">By creating a contextual help center that surfaces relevant help articles before showing contact options, users will self-serve without leaving their current flow, thereby decreasing call propensity and increase CSAT.</blockquote><h2 id="""">Solution-ing</h2><p id="""">To begin, I blockframed for quick feedback. I love this because it's quick, low-stakes, and fosters a collaborative atmosphere since everyone knows it's lower fidelity. </p>[[MEDIA:image|Blockframe iterations]]<p id="""">After a week of iteration filled with internal feedback from stakeholders and gathering constraints from engineers, I dove into higher fidelity options, testing three concepts via Usertesting.com. </p>[[MEDIA:image|Option 1: Channel Guidance]][[MEDIA:image|Option 2: Channel Guidance + Trip]][[MEDIA:image|Option 3: Simple]]<h3 id="""">Option 3 Results</h3><p id="""">The test ran to statistical significance quickly. It had FAILED miserably. Calls went up by 5.9%. 🧐</p>[[MEDIA:image|Option 3 launch (calls +5.9%)]]<h3 id="""">Final Test</h3><p id="""">I had suspected that Contact Us at the bottom of the page might be too discoverable. So, we decided to run a multivariant test:</p><ul id=""""><li id=""""><strong id="""">Variant A</strong> = Legacy contact flow</li><li id=""""><strong id="""">Variant B</strong> = Reduced button prominence</li><li id=""""><strong id="""">Variant C</strong> = Reduced button prominence + shown post search</li></ul>[[MEDIA:image|Variant C results (calls −2.8%)]]<h2 id="""">Final Results</h2><p id=""""><strong id="""">Variant C lowered calls by 2.8%</strong> and did no harm to CSAT. It was a clear winner in this multivariant test. We rolled it out globally, <strong id="""">saving $4.2M</strong> annually. 🎉</p>",,"<h3 id="""">Aggressive testing = rapid learning</h3><p id="""">Executive leaders were conservative with our testing strategy. We were encouraged to test in smaller geographies with high CSAT, so as to not affect churn rates. </p><p id="""">This reduced our bucket size of potential users, which led to long wait times to reach statistical significance. I grew tired of this cautious approach -- some of our tests ran for months! </p><p id="""">My new motto is now: Ship frequently, measure often, learn quickly.</p><h3 id="""">Keep it ethical AND practical</h3><p id="""">I had worried that Variant C was a borderline dark pattern, as it didn't feel ethical to bury Contact Us until after a search. </p><p id="""">Variant C ended up doing no harm to customer sentiment, plus help article views went up. I was pleasantly surprised. </p><p id="""">I learned to test patterns that may feel borderline dark...grey patterns? They might turn out to be just what the user AND business needs.</p>",mercury-focused-funding,true,,,,
Mercury Focused Funding,mercury-focused-funding,,,,false,false,,,,11,Mercury Focused Funding,Adding friction lifted Day 30 deposits 7%,images/work/Mercury Grid Card.png,"<p><a href=""https://mercury.com"" target=""_blank"" class=""text-style-link"">Mercury</a>'s deposit rate was plateauing despite a tidal wave of new applications after the <a href=""https://en.wikipedia.org/wiki/Collapse_of_Silicon_Valley_Bank"" target=""_blank"" class=""text-style-link"">Silicon Valley Bank collapse</a>. I redesigned the focused-funding flow with deliberate friction, and lifted Day 30 deposits by 7%. That added <strong>~$2.3M ARR</strong> 🎉.</p>","Lead Growth Designer,
Activation","1 x Growth PM (interim)
1 x Growth Engineer
1 x Junior Designer
1 x Data Scientist
7 x Engineers",2025 / 2 tests over 6 months,Read more,#background,images/work/Mercury full bleed hero - focused funding.png,"<p><a href=""https://mercury.com"" target=""_blank"" class=""text-style-link"">Mercury</a> is a fintech serving startups and SMBs that offers financial-management software on top of a core banking product. In early 2023, the Silicon Valley Bank collapse sent a tidal wave of new applications our way. But the conversion math wasn't keeping up: only <strong>~59% of approved applicants actually deposited</strong>. Leadership made a strategic growth bet to capture the high-intent users coming through the door before that wave subsided.</p><p>The pre-existing UX was passive and let users wander in with a dashboard module, empty states, and upsells across the product. The bet I was making: that wasn't forceful enough.</p><h3>The problem</h3><ul><li>~41% of approved applicants never funded their account</li><li>Mercury is functionally useless without a deposit. Every other feature is downstream of having money in the account</li><li>Activation was the highest-intent moment we'd ever have with these users, and we were leaving it to chance</li></ul><h3>Team goals</h3><p>The growth team had three concurrent goals: grow deposit <em>rate</em>, deposit <em>quality</em> (amount), and grow invoicing adoption. The focused-funding work touched all three.</p>","<h3>Discovery</h3><p>I started by interviewing both funded and unfunded approved applicants. The hypothesis I was most worried about: that a forceful funding gate would feel constraining and people would bail.</p><p>The interviews flipped that. Funded users <em>didn't even remember</em> the funding moment of their flow. It was just part of opening a bank account. Unfunded users said something similar in concept: of course you'd have to deposit at some point. You're a bank.</p><blockquote>Mercury isn't valuable if you don't deposit money into it. Despite all the cool features we offer, none of them matter without funds in the account.</blockquote><p>This is the kind of friction growth designers usually avoid. The team agreed it was the one moment in the funnel where a full-stop is justified.</p><h3>V1: The bet</h3><p>We couldn't get full political buy-in for a hard gate up front, so we hedged: a small cohort test (20% of users) to read the directional impact. Even at that sample size, v1 lifted deposit rates significantly, enough to greenlight a broader rollout.</p><h3>Modal: full takeover vs. embedded</h3><p>We explored a full-screen modal takeover but landed on an <em>embedded</em> modal that teases the dashboard underneath. Even with friction, you want users to remember what they're working toward.</p>[[MEDIA:figma|Modal explorations: takeover vs. embedded]]<h3>Funding method hierarchy</h3><p>The earliest iterations showed every funding method at equal weight on a single screen. After testing, I broke the flow into more steps with bigger click targets and one decision per screen. <em>More steps isn't always worse</em>. Conversational flows with one question at a time beat the dense single-screen layout in usability tests.</p>[[MEDIA:figma|Multivariant test: control vs. 2 funding methods vs. 2 methods + invoicing]]<h3>v2: the refinements</h3><p>Six months later, three things changed for the next round:</p><ul><li><strong>International wires.</strong> A rising share of applicants were international, and they couldn't deposit in v1.</li><li><strong>Mobile optimization.</strong> Mobile traffic was growing too. v1 was desktop-first.</li><li><strong>Invoicing as a funding method.</strong> Multivariant test introducing invoicing to capture the professional-services cohort opening accounts to receive their first client payment, and to push on the company-wide invoicing-adoption goal.</li></ul>[[MEDIA:figma|Final shipped prototype (clickable)]]<h3>Side win: the threshold-amount A/B</h3><p>One idea I wanted in v1 but had to cut for speed: showing suggested deposit thresholds tied to what each amount <em>unlocks</em>. We came back to it as a fast-follow A/B test. Result: <strong>+$1,500 to median deposit amount</strong> on ACH and wire flows. Defaults are powerful; defaults <em>with a reason</em> are more powerful.</p>[[MEDIA:figma|Funding-amount threshold multivariant]]<h3>Hard decision: going to bat for international wires</h3><p>International wires almost got cut from v2: lower usage than ACH/domestic, hidden behind a progressive disclosure, lots of engineering complexity, and we didn't have a PM on the team to do the discovery. I took on the PM responsibilities myself, liaising with the wires & banking team, learning the nuances of cross-border transfers, doing the due diligence. International ended up being the single biggest driver of the v2 7% lift.</p>",,"<h3>Fill the gap</h3><p>If something's blocking the work and the role isn't staffed, do the role. Taking on PM responsibilities for international wires felt risky at the time. It was the highest-leverage thing I did in this project.</p><h3>Pre-fill, and give users a reason why</h3><p>The threshold-amount test wasn't just ""here are some numbers."" Each suggested amount mapped to a feature it unlocked. Defaults shape behavior. Defaults with rationale shape it more.</p><h3>More steps isn't always a bad thing</h3><p>When each step is a clear, conversational question with big click targets, breaking a flow into more steps can <em>raise</em> completion rates. Density isn't speed. Clarity is speed.</p><h3>De-risk sensitive tests to win the room</h3><p>Big growth bets are political. When the test you want to run is the kind detractors will push back on (a hard funding gate, in this case), a small-cohort pilot converts skeptics into believers faster than another deck does. The V1 cohort gave us a clean directional read without putting the funnel on the line. Once the numbers came in, the broader rollout sold itself.</p>",mercury-viral-upsell,false,growth,,,
Mercury Viral Upsell,mercury-viral-upsell,,,,false,false,,,,10,Mercury Viral Upsell,Layered education lifted new accounts 6%,images/work/Mercury Grid Card case study 2.png,"<p>Mercury's viral upsell, the page non-Mercury users land on when a Mercury customer sends or requests money, was a slapped-together boilerplate form. I rebuilt the flow with drip education at every touchpoint, a rebranded landing page, and a redesigned success screen. New account conversions from viral entry points rose <strong>+6%</strong> 🎉.</p>","Lead Growth Designer,
Virality (interim)","3 x Growth Engineers
(no PM — covered PM scope)",2025 / 2 months,Read more,#background,images/work/Mercury full bleed hero.png,"<p><a href=""https://mercury.com"" target=""_blank"" class=""text-style-link"">Mercury</a> is a fintech serving startups and SMBs. The virality team's job is to turn moments where existing Mercury users intersect with non-Mercury users into acquisition. The biggest of those moments: when a Mercury user sends or requests money from someone outside the platform, the recipient gets an email with a link to claim payment.</p><p>I stepped onto the virality team mid-quarter when their designer moved to another team. Three growth engineers, no PM. I picked up where the previous designer had left off and covered PM scope too.</p><h3>The problem</h3><p>The existing viral upsell was bolted on. The email had no real introduction to Mercury, just a generic ""enter your name and email to get started"" nudge. Clicking through dropped you on an unbranded form, not mobile-responsive, that asked for your bank info up front. The single upsell happened only at the end, after the form was already submitted.</p><p>For a non-Mercury user, the whole flow felt like a stranger asking for sensitive info. Conversion to applicant was weak, and we were leaving acquisition on the table from real intent-rich touchpoints: <strong>2.4M payment-receipt emails</strong> to 481k unique recipients, plus 242k payment requests and 103k recipient-onboarding requests over the trailing year.</p>","<h3>Discovery and framing</h3><p>The work fell into four distinct surfaces:</p><ol><li>The notification <strong>email</strong> a non-Mercury user receives</li><li>The <strong>landing page / form</strong> they hit after clicking through</li><li>The <strong>success screen</strong> shown after they submit their bank info to get paid</li><li>The <strong>success transactional email</strong> sent to confirm the submission and re-anchor them on Mercury</li></ol><p>The legacy version treated these as one transactional flow. I treated them as a <em>drip-education campaign</em>: each surface earns a little more context about who Mercury is and what's in it for the user.</p><h3>The initial notification email</h3><p>Original copy was boilerplate. I added a one-line value-prop intro: <em>""Mercury is a fintech that ambitious companies use for banking, credit cards, and financial workflows.""</em> Small change, but it sets the floor. By the time someone clicks, they know what they're walking into.</p>[[MEDIA:image|Email value-prop refresh (before and after)]]<h3>The landing page</h3><p>The form was unbranded, not mobile-responsive, and dense. The bigger redesign I wanted, breaking the single form into multiple lightweight steps and rethinking the information architecture, was out of scope for this round. So I made the pragmatic call: ship the rebrand, refresh the content container, and make it mobile-responsive. That last one was a real win because mobile traffic on these viral surfaces is significant and the legacy was desktop-first.</p>[[MEDIA:image|Landing page rebrand and mobile-responsive refresh]]<h3>The success screen</h3><p>Original was a thin confirmation. I redesigned it with clear hierarchy, restated the brand, and surfaced a few Mercury value props. Finally giving the user a reason to come back as a real Mercury customer instead of treating the interaction as a one-off bank-info dropoff.</p>[[MEDIA:image|Success screen redesign with value props]]<p>I explored a handful of layout and emphasis alternatives through internal feedback and lightweight customer testing before landing on the current implementation.</p>[[MEDIA:figma|Success screen alternative explorations]]<h3>The success transactional email</h3><p>Once the user submits their bank info, they get a confirmation email. The legacy version was utilitarian, a ""you're set"" receipt with no follow-through. I rebuilt it with a prominent primary CTA back into the Mercury value prop, plus a secondary action inviting them to explore the product at <a href=""https://demo.mercury.com"" target=""_blank"" class=""text-style-link"">demo.mercury.com</a>. The email becomes the fourth nudge in the drip, not a dead end.</p>[[MEDIA:image|Success transactional email redesign]]<h3>Killed ideas</h3><p>The archive had a lot of explorations:</p><ul><li><strong>Right-rail value props</strong> on the landing page. Killed for v1: too much visual weight before users had basic brand context.</li><li><strong>Customer logos / ratings / social proof.</strong> Killed for now. Social proof matters once users have a basic mental model of your product; here, users still need <em>education first</em>. We tested this hunch and confirmed it.</li></ul><h3>Hard call: ship within scope</h3><p>I wanted to rethink the IA on the banking info form page: break the dense form into a multi-step conversational flow, like the <a href=""../mercury-focused-funding/"">Focused Funding</a> work. Couldn't get there in one month with three engineers and no PM. The pragmatic call was to nail the rebrand, mobile responsiveness, and education layering for v1, and queue the IA work for a later round.</p>",,"<h3>Drip education beats single-shot upsell</h3><p>The old flow had one upsell at the end. The new flow has small, layered context at every step. The +6% lift came from the cumulative effect, not any one screen. Users coming in cold need a path, not a pitch.</p><h3>Right level of polish for the cold-start moment</h3><p>Social proof, logos, and ratings are powerful when users know what your product is. When they're seeing your brand for the first time, they need clarity, not credentialing. Get the basics in before stacking persuasion patterns.</p><h3>Mobile-responsive is table stakes for viral surfaces</h3><p>If the user is opening the email on their phone (most of them are), every step that follows needs to work on their phone. A desktop-first form is a leak.</p><h3>Growth lives in lifecycle, not just product</h3><p>The lifecycle touchpoints (emails, system notifications, transactional confirmations) are growth surfaces too, not just operational ones. The click-throughs on the email refresh tell me they pulled their weight in the overall lift. Education is hard to attribute cleanly, but the more you prime a user across the journey, the more each touchpoint feels like another beat in the same conversation instead of a one-off transactional moment.</p>",mercury-focused-funding,false,growth,,,
